plafa_3357	PLASMODIUM_FALCIPARUM	36329	PLAF7
acama_4692	ACARYOCHLORIS_MARINA_MBIC11017	XXXX	ACAM1
aciri_5754	ACIDOMYCES_RICHMONDENSIS	XXXX	ACIRI
acrdi_5212	ACROPORA_DIGITIFERA	xxxx	ACRDI
acypi_254	ACYRTHOSIPHON_PISUM	7029	ACYPI
aedae_350	AEDES_AEGYPTI	7159	AEDAE
aerhy_5656	AEROMONAS_HYDROPHILA_SUBSP._HYDROPHILA_ATCC_7966	XXXX	AERHH
aerpe_5361	AEROPYRUM_PERNIX_K1	XXXX	AERPE
agrfa_5637	AGROBACTERIUM_FABRUM	XXXX	AGRT5
ailme_5375	AILUROPODA_MELANOLEUCA	9646	AILME
ajeca_1846	AJELLOMYCES_CAPSULATUS_NAMI_WU24	XXXX	AJECA
ajede_4228	AJELLOMYCES_DERMATITIDIS_ER-3	xxxx	AJEDE
altbr_1849	ALTERNARIA_BRASSICICOLA	xxxx	ALTBR
ampqu_4652	AMPHIMEDON_QUEENSLANDICA	400682	AMPQE
anapl_5749	ANAS_PLATYRHYNCHOS	XXXX	ANAPL
anava_4693	ANABAENA_VARIABILIS_ATCC_29413	XXXX	ANAVT
anoca_3173	ANOLIS_CAROLINENSIS	28377	ANOCA
anoga_352	ANOPHELES_GAMBIAE	7165	ANOGA
antlo_2712	ANTONOSPORA_LOCUSTAE	xxxx	ANTLO
apime_353	APIS_MELLIFERA	7460	APIME
aquco_5436	AQUILEGIA_COERULEA	xxxx	AQUCO
araly_3473	ARABIDOPSIS_LYRATA	59689	ARALY
arath_2339	ARABIDOPSIS_THALIANA	3702	ARATH
arcfu_5617	ARCHAEOGLOBUS_FULGIDUS	XXXX	ARCFU
ascap_3132	ASCOSPHAERA_APIS	xxxx	ASCAP
ashgo_3031	ASHBYA_GOSSYPII	284811	ASHGO
aspcl_3032	ASPERGILLUS_CLAVATUS	344612	ASPCL
aspfi_3133	ASPERGILLUS_FISCHERI	xxxx	NEOFI
aspfl_1853	ASPERGILLUS_FLAVUS	332952	ASPFN
aspfu_1854	ASPERGILLUS_FUMIGATUS	330879	ASPFU
aspni_1855	ASPERGILLUS_NIGER	xxxx	ASPNI
aspni_2095	ASPERGILLUS_NIDULANS	XXXX	EMEND
aspor_3033	ASPERGILLUS_ORYZAE	510516	ASPOR
aspte_3034	ASPERGILLUS_TERREUS	341663	ASPTN
aulhe_5756	AULOGRAPHUM_HEDERAE	XXXX	AULHE
auran_3312	AUREOCOCCUS_ANOPHAGEFFERENS	xxxx	AURAN
azops_5676	CANDIDATUS_AZOBACTEROIDES_PSEUDOTRICHONYMPHAE_GENOMOVAR._CFP2	XXXX	AZOPC
babbo_4068	BABESIA_BOVIS	xxxx	BABBO
batde_2732	BATRACHOCHYTRIUM_DENDROBATIDIS	109871	BATDE
bauci_5657	BAUMANNIA_CICADELLINICOLA_STR._HC	XXXX	BAUCH
bauco_5807	BAUDOINIA_COMPNIACENSIS_UAMH_10762	XXXX	BAUCO
bdeba_5642	BDELLOVIBRIO_BACTERIOVORUS_HD100	XXXX	BDEBA
bigna_4244	BIGELOWIELLA_NATANS	XXXX	BIGNA
bommo_1242	BOMBYX_MORI	7091	BOMMO
borpe_5650	BORDETELLA_PETRII_DSM_12804	XXXX	BORPE
botci_1859	BOTRYTIS_CINEREA	XXXX	BOTCI
botdo_5751	BOTRYOSPHAERIA_DOTHIDEA	XXXX	BOTDO
bosta_355	BOS_TAURUS	9913	BOVIN
bradi_3561	BRACHYPODIUM_DISTACHYON	xxxx	BRADI
brafl_2491	BRANCHIOSTOMA_FLORIDAE	7739	BRAFL
brara_3574	BRASSICA_RAPA	xxxx	BRAOL
caebr_2851	CAENORHABDITIS_BRENNERI	135651	CAEBE
caebr_70	CAENORHABDITIS_BRIGGSAE	XXXX	CAEBR
caeel_3	CAENORHABDITIS_ELEGANS	6239	CAEEL
caeja_3052	CAENORHABDITIS_JAPONICA	281687	CAEJA
caere_2344	CAENORHABDITIS_REMANEI	31234	CAERE
calja_2522	CALLITHRIX_JACCHUS	9483	CALJA
calma_5579	CALDIVIRGA_MAQUILINGENSIS	XXXX	CALMQ
calmi_5395	CALLORHINCHUS_MILII	XXXX	CALMI
calsu_5539	CANDIDATUS_CALDIARCHAEUM_SUBTERRANEUM	XXXX	CALSU
camcu_5647	CAMPYLOBACTER_CURVUS_525.92	XXXX	CAMC5
canal_2931	CANDIDA_ALBICANS	294748	CANAW
candu_4239	CANDIDA_DUBLINIENSIS_CD36	xxxx	CANDU
canfa_357	CANIS_FAMILIARIS	9615	CANFA
cangl_2346	CANDIDA_GLABRATA	284593	CANGA
canpa_3134	CANDIDA_PARAPSILOSIS	xxxx	CANPA
cantr_3035	CANDIDA_TROPICALIS	xxxx	CANTR
capow_4065	CAPSASPORA_OWCZARZAKI	595528	CAPO3
capru_5435	CAPSELLA_RUBELLA	xxxx	CAPRU
capsp_2853	CAPITELLA_CAPITATA	XXXX	CAPI1
carru_5659	CANDIDATUS_CARSONELLA_RUDDII_PV	XXXX	CARRP
caucr_5636	CAULOBACTER_CRESCENTUS_CB15	XXXX	CAUCR
cavpo_1677	CAVIA_PORCELLUS	10141	CAVPO
cenge_5757	CENOCOCCUM_GEOPHILUM_1.58	XXXX	CENGE
censy_5537	CENARCHAEUM_SYMBIOSUM	XXXX	CENSY
chagl_1863	CHAETOMIUM_GLOBOSUM	xxxx	CHAGL
galga_359	GALLUS_GALLUS	9031	CHICK
chlnc_3474	CHLORELLA_SP._NC64A	xxxx	CHLNC
chlps_5670	CHLAMYDOPHILA_PSITTACI_6BC	XXXX	CHLP6
chlre_2104	CHLAMYDOMONAS_REINHARDTII	3055	CHLRE
chltr_5669	CHLAMYDIA_TRACHOMATIS_G/9301	XXXX	CHLTR
choho_4055	CHOLOEPUS_HOFFMANNI	9358	CHOHO
cioin_5	CIONA_INTESTINALIS	7719	CIOIN
ciosa_2525	CIONA_SAVIGNYI	51511	CIOSA
citcl_3595	CITRUS_CLEMENTINA	xxxx	CITCL
citsi_3596	CITRUS_SINENSIS	xxxx	CITSI
clafu_4167	CLADOSPORIUM_FULVUM_	XXXX	CLAFU
clagr_5753	CLADONIA_GRAYI	XXXX	CLAGR
clalu_3036	CLAVISPORA_LUSITANIAE	xxxx	CLALU
clami_5671	CLAVIBACTER_MICHIGANENSIS_SUBSP._MICHIGANENSIS_NCPPB_382	XXXX	CLAM3
clote_5668	CLOSTRIDIUM_TETANI_E88	XXXX	CLOTE
cocca_5758	COCHLIOBOLUS_CARBONUM_26-R-13	XXXX	COCCA
coche_5759	COCHLIOBOLUS_HETEROSTROPHUS_C5	XXXX	COCHE
cocim_2106	COCCIDIOIDES_IMMITIS_RS	XXXX	COCIM
coclu_5760	COCHLIOBOLUS_LUNATUS_M118	XXXX	COCLU
cocmi_5761	COCHLIOBOLUS_MIYABEANUS_ATCC_44560	XXXX	COCMI
cocpo_1865	COCCIDIOIDES_POSADASII_RMSCC_3488	XXXX	COCPO
cocsa_5762	COCHLIOBOLUS_SATIVUS_ND90PR_	XXXX	COCSA
cocsu_5810	COCCOMYXA_SUBELLIPSOIDEA	XXXX	COCSU
cocvi_5763	COCHLIOBOLUS_VICTORIAE_FI3	XXXX	COCVI
conwo_5672	CONEXIBACTER_WOESEI_DSM_14684	XXXX	CONWI
copci_1868	COPRINOPSIS_CINEREA	5346	COPCI
coppr_5667	COPROTHERMOBACTER_PROTEOLYTICUS_DSM_5265	XXXX	COPPD
coxbu_5661	COXIELLA_BURNETII_RSA_331	XXXX	COXBU
cryho_3313	CRYPTOSPORIDIUM_HOMINIS_ATCC_BAA-381	XXXX	CAMHC
cryne_4121	CRYPTOCOCCUS_NEOFORMANS_VAR._NEOFORMANS	5207	CRYNJ
crypa_4119	CRYPHONECTRIA_PARASITICA	5116	CRYPA
crypa_3352	CRYPTOSPORIDIUM_PARVUM	XXXX	CRYPV
crypt_4243	CRYPTOPHYTA	XXXX	CRYPT
cucbe_5764	CUCURBITARIA_BERBERIDIS_CBS_394.84	XXXX	CUCBE
cucsa_3710	CUCUMIS_SATIVUS	xxxx	CUCSA
culpi_2532	CULEX_PIPIENS_QUINQUEFASCIATUS	xxxx	CULQU
cyaat_4697	CYANOTHECE_ATCC_51142	XXXX	CYAA5
cyame_4612	CYANIDIOSCHYZON_MEROLAE	xxxx	CYAME
cyauc_4696	CYANOBACTERIUM_UCYN-A	XXXX	ATETH
danre_358	DANIO_RERIO	7955	DANRE
dappu_1391	DAPHNIA_PULEX	6669	DAPPU
dasno_3192	DASYPUS_NOVEMCINCTUS	9361	DASNO
debha_2337	DEBARYOMYCES_HANSENII	284592	DEBHA
decar_5655	DECHLOROMONAS_AROMATICA_RCB	XXXX	DECAR
deevu_5643	DESULFOVIBRIO_VULGARIS_DP4	XXXX	DESVV
deipr_5673	DEINOCOCCUS_PROTEOLYTICUS_MRP	XXXX	DEIPM
desac_5666	DESULFOTOMACULUM_ACETOXIDANS_DSM_771	XXXX	DESAS
dicdi_2334	DICTYOSTELIUM_DISCOIDEUM_AX4	44689	DICDI
dicno_5658	DICHELOBACTER_NODOSUS_VCS1703A	XXXX	DICNV
dicpu_4227	DICTYOSTELIUM_PURPUREUM_QSDP1	5786	DICPU
didex_5765	DIDYMELLA_EXIGUA_CBS_183.55_	XXXX	DIDEX
dipor_4056	DIPODOMYS_ORDII	10020	DIPOR
disac_5766	DISSOCONIUM_ACICULARE_	XXXX	DISAC
dotse_5768	DOTHISTROMA_SEPTOSPORUM_NZE10	XXXX	DOTSE
dotsy_5767	DOTHIDOTTHIA_SYMPHORICARPI	XXXX	DOTSY
droan_3272	DROSOPHILA_ANANASSAE	xxxx	DROAN
droer_3273	DROSOPHILA_ERECTA	xxxx	DROER
drogr_3274	DROSOPHILA_GRIMSHAWI	7222	DROGR
drome_4	DROSOPHILA_MELANOGASTER	7227	DROME
dromo_3275	DROSOPHILA_MOJAVENSIS	xxxx	DROMO
drope_3276	DROSOPHILA_PERSIMILIS	xxxx	DROPE
drops_2343	DROSOPHILA_PSEUDOOBSCURA	46245	DROPS
drose_3277	DROSOPHILA_SECHELLIA	xxxx	DROSE
drosi_1233	DROSOPHILA_SIMULANS	xxxx	DROSI
drovi_3278	DROSOPHILA_VIRILIS	7244	DROVI
drowi_3425	DROSOPHILA_WILLISTONI	7260	DROWI
droya_1251	DROSOPHILA_YAKUBA	xxxx	DROYA
echte_3193	ECHINOPS_TELFAIRI	9371	ECHTE
ectsi_4252	ECTOCARPUS_SILICULOSUS	xxxx	ECTSI
ehrca_5640	EHRLICHIA_CANIS_STR._JAKE	XXXX	EHRCJ
eimte_3353	EIMERIA_TENELLA	xxxx	EIMTE
emihu_3331	EMILIANIA_HUXLEYI_CCMP1516	280463	EMIHU
enccu_2934	ENCEPHALITOZOON_CUNICULI	284813	ENCCU
entbi_4241	ENTEROCYTOZOON_BIENEUSI_H348	xxxx	ENTBI
entdi_4245	ENTAMOEBA_DISPAR_SAW760	xxxx	ENTDI
enthi_2345	ENTAMOEBA_HISTOLYTICA	xxxx	ENTHI
erieu_3194	ERINACEUS_EUROPAEUS	9365	ERIEU
escco_5378	ESCHERICHIA_COLI_STR._K-12_SUBSTR._MG1655	XXXX	ECOLX
eucgr_3735	EUCALYPTUS_GRANDIS	xxxx	EUCGR
felca_1709	FELIS_CATUS	9685	FELCA
fracy_4613	FRAGILARIOPSIS_CYLINDRUS_CCMP_1102	xxxx	FRACY
fusgr_1877	FUSARIUM_GRAMINEARUM_PH1	XXXX	GIBZA
fusox_4128	FUSARIUM_OXYSPORUM_F._SP._LYCOPERSICI	426428	FUSO4
fusve_2115	FUSARIUM_VERTICILLIOIDES	xxxx	FUSVE
gadmo_1710	GADUS_MORHUA	8049	GADMO
gasac_2347	GASTEROSTEUS_ACULEATUS	69293	GASAC
gelsu_4792	GELATOPORIA_SUBVERMISPORA	xxxx	GELSU
geosu_5644	GEOBACTER_SULFURREDUCENS_PCA	XXXX	GEOSL
giain_3292	GIARDIA_INTESTINALIS	XXXX	GIAIC
glovi_4698	GLOEOBACTER_VIOLACEUS	XXXX	GLOVI
gorgo_6	GORILLA_GORILLA	9595	GORGO
guith_3316	GUILLARDIA_THETA	XXXX	GUITH
haein_5664	HAEMOPHILUS_INFLUENZAE_10810	XXXX	HAEIN
halvo_5335	HALOFERAX_VOLCANII_DS2	XXXX	HALVD
helro_2711	HELOBDELLA_ROBUSTA	6412	HELRO
heman_3317	HEMISELMIS_ANDERSENII	XXXX	HEMAN
hetan_4142	HETEROBASIDION_ANNOSUM	13563	HETAN
equca_3054	EQUUS_CABALLUS	9796	HORSE
homsa_8	HOMO_SAPIENS	9606	HUMAN
hydma_2	HYDRA_MAGNIPAPILLATA	xxxx	HYDMA
hyspu_5769	HYSTERIUM_PULICARE	XXXX	HYSPU
ignho_5577	IGNICOCCUS_HOSPITALIS	XXXX	IGNH4
ixosc_1169	IXODES_SCAPULARIS	6945	IXOSC
klula_2338	KLUYVEROMYCES_LACTIS	284590	KLULA
kluth_4217	KLUYVEROMYCES_THERMOTOLERANS	xxxx	KLUTH
kluwa_3135	KLUYVEROMYCES_WALTII	xxxx	KLUWA
korcr_5536	CANDIDATUS_KORARCHAEUM_CRYPTOFILUM_OPF8	XXXX	KORCO
lacbi_2940	LACCARIA_BICOLOR	29883	LACBI
lampa_2546	LAMA_PACOS	xxxx	LAMPA
laspu_5821	LASALLIA_PUSTULATA	XXXX	LASPU
latch_5455	LATIMERIA_CHALUMNAE	7897	LATCH
leibr_3318	LEISHMANIA_BRAZILIENSIS	5660	LEIBR
leiin_3319	LEISHMANIA_INFANTUM	5671	LEIIN
leima_3320	LEISHMANIA_MAJOR_STRAIN_FRIEDLIN	5664	LEIMA
lenfl_5770	LENTITHECIUM_FLUVIATILE_	XXXX	LENFL
lepma_4150	LEPTOSPHAERIA_MACULANS	XXXX	LEPMJ
lepoc_5814	LEPISOSTEUS_OCULATUS	XXXX	LEPOC
leppa_5771	LEPIDOPTERELLA_PALUSTRIS	XXXX	LEPPA
linus_3785	LINUM_USITATISSIMUM	xxxx	LINUS
loalo_4309	LOA_LOA	xxxx	LOALO
lodel_2936	LODDEROMYCES_ELONGISPORUS	379508	LODEL
lopma_5772	LOPHIOSTOMA_MACROSTOMUM	XXXX	LOPMA
lotgi_2713	LOTTIA_GIGANTEA	225164	LOTGI
loxaf_3195	LOXODONTA_AFRICANA	9785	LOXAF
maceu_2548	MACROPUS_EUGENII	9315	MACEU
macmu_2333	MACACA_MULATTA	9544	MACMU
macph_5773	MACROPHOMINA_PHASEOLINA_MS6	XXXX	MACPH
maggr_2131	MAGNAPORTHE_GRISEA	148305	MAGGR
zeama_3630	ZEA_MAYS	4577	MAIZE
maldo_3609	MALUS_X_DOMESTICA	xxxx	MALDO
malgl_4238	MALASSEZIA_GLOBOSA_CBS_7966	xxxx	MALGL
manes_3800	MANIHOT_ESCULENTA	3983	MANES
marhy_5674	MARINITHERMUS_HYDROTHERMALIS_DSM_14884	XXXX	MARHT
marma_5638	MARICAULIS_MARIS_MCS10	XXXX	MARMM
marme_5663	MARINOMONAS_MEDITERRANEA_MMB-1	XXXX	MARM1
medtr_3610	MEDICAGO_TRUNCATULA	3880	MEDTR
mella_4152	MELAMPSORA_LARICIS-POPULINA	xxxx	MELLA
melpu_5774	MELANOMMA_PULVIS-PYRIUS	XXXX	MELPU
metba_5357	METHANOSARCINA_BARKERI_STR._FUSARO	XXXX	METBF
metbu_5338	METHANOCOCCOIDES_BURTONII_DSM_6242	XXXX	METBU
metca_5662	METHYLOCOCCUS_CAPSULATUS_STR._BATH	XXXX	METCA
metfl_5652	METHYLOBACILLUS_FLAGELLATUS_KT	XXXX	METFK
metja_5334	METHANOCALDOCOCCUS_JANNASCHII_DSM_2661	XXXX	METJA
metka_5616	METHANOPYRUS_KANDLERI	XXXX	METKA
metla_5618	METHANOCORPUSCULUM_LABREANUM_Z	XXXX	METLA
metse_5576	METALLOSPHAERA_SEDULA	XXXX	METS4
metth_5359	METHANOTHERMOBACTER_THERMAUTOTROPHICUS_STR._DELTA_H	XXXX	METTH
micae_4699	MICROCYSTIS_AERUGINOSA_NIES_843	XXXX	MICAN
micca_4230	MICROSPORUM_CANIS_CBS_113480	xxxx	MICCA
miccc_3477	MICROMONAS_SP._CCMP490	xxxx	MICCC
micgy_4229	MICROSPORUM_GYPSEUM_CBS_118893	xxxx	MICGY
micmu_3196	MICROCEBUS_MURINUS	30608	MICMU
micpu_3476	MICROMONAS_PUSILLA_SP._RCC299	XXXX	MICPU
mimgu_3809	MIMULUS_GUTTATUS	xxxx	MIMGU
monbr_1569	MONOSIGA_BREVICOLLIS	81824	MONBE
mondo_1759	MONODELPHIS_DOMESTICA	13616	MONDO
monpe_4240	MONILIOPHTHORA_PERNICIOSA_FA553	xxxx	MONPE
musmu_1	MUS_MUSCULUS	10090	MOUSE
mucci_4157	MUCOR_CIRCINELLOIDES	36080	MUCCI
muspu_3428	MUSTELA_PUTORIUS_FURO	XXXX	MUSPF
mycfi_2941	MYCOSPHAERELLA_FIJIENSIS	xxxx	MYCFI
mycgr_4158	MYCOSPHAERELLA_GRAMINICOLA	1047171	MYCGR
myolu_3197	MYOTIS_LUCIFUGUS	59463	MYOLU
myrdu_5775	MYRIANGIUM_DURIAEI_CBS_260.36	XXXX	MYRDU
naegr_3321	NAEGLERIA_GRUBERI	744533	NAEGR
naneq_5580	NANOARCHAEUM_EQUITANS	XXXX	NANEQ
nasvi_363	NASONIA_VITRIPENNIS	xxxx	NASVI
natph_5356	NATRONOMONAS_PHARAONIS_DSM_2160	XXXX	NATPD
necha_4160	NECTRIA_HAEMATOCOCCA_MPVI	140110	NECHA
neigo_5653	NEISSERIA_GONORRHOEAE_FA_1090	XXXX	NEIG1
nemve_2309	NEMATOSTELLA_VECTENSIS	45351	NEMVE
neoca_3355	NEOSPORA_CANINUM	XXXX	NEOCA
neopa_5776	NEOFUSICOCCUM_PARVUM_UCRNP2	XXXX	NEOPA
neucr_1906	NEUROSPORA_CRASSA	367110	NEUCR
neudi_4234	NEUROSPORA_DISCRETA_FGSC_8579_MAT_A	xxxx	NEUDI
neute_4235	NEUROSPORA_TETRASPERMA_FGSC_2508_MAT_A	510952	NEUT9
niteu_5654	NITROSOMONAS_EUROPAEA_ATCC_19718	XXXX	NITEU
nitga_5556	CANDIDATUS_NITROSOSPHAERA_GARGENSIS_GA9.2	XXXX	NITGG
nitma_5538	NITROSOPUMILUS_MARITIMUS	XXXX	NITMS
nitoc_5660	NITROSOCOCCUS_OCEANI_ATCC_19707	XXXX	NITOC
nitsp_5648	NITRATIRUPTOR_SP._SB155-2	XXXX	NITSB
nomle_5376	NOMASCUS_LEUCOGENYS	61853	NOMLE
nosaz_4700	NOSTOC_AZOLLAE_0708	XXXX	NOSA0
nosce_4242	NOSEMA_CERANAE	xxxx	NOSCE
nospu_4701	NOSTOC_PUNCTIFORME_PCC_73102	XXXX	NOSP7
ochpr_3198	OCHOTONA_PRINCEPS	9978	OCHPR
ornan_1771	ORNITHORHYNCHUS_ANATINUS	9258	ORNAN
oryla_366	ORYZIAS_LATIPES	8090	ORYLA
orysa_3478	ORYZA_SATIVA_JAPONICA_GROUP	39947	ORYSJ
ostlu_3071	OSTREOCOCCUS_LUCIMARINUS	436017	OSTLU
ostrc_3475	OSTREOCOCCUS_SP._RCC809	xxxx	OSTRC
ostta_3072	OSTREOCOCCUS_TAURI	70448	OSTTA
otoga_3199	OTOLEMUR_GARNETTII	30611	OTOGA
pantr_7	PAN_TROGLODYTES	9598	PANTR
parim_1911	PARACOCCIDIOIDES_BRASILIENSIS_PB03	XXXX	PARIM
parte_3322	PARAMECIUM_TETRAURELIA	xxxx	PARTE
patat_5777	PATELLARIA_ATRATA_	XXXX	PATAT
pedhu_1258	PEDICULUS_HUMANUS	121224	PEDHC
pelsi_1780	PELODISCUS_SINENSIS	XXXX	PELSI
pench_4169	PENICILLIUM_CHRYSOGENUM	5076	PENCH
penma_4226	PENICILLIUM_MARNEFFEI_ATCC_18224	XXXX	PENMA
perma_4246	PERKINSUS_MARINUS	xxxx	PERMA
petma_3172	PETROMYZON_MARINUS	xxxx	PETMA
phach_3431	PHANEROCHAETE_CHRYSOSPORIUM	5306	PHACH
stano_2938	STAGONOSPORA_NODORUM	xxxx	PHANO
phatr_3323	PHAEODACTYLUM_TRICORNUTUM	xxxx	PHATR
phavu_3615	PHASEOLUS_VULGARIS	xxxx	PHAVU
phybl_2944	PHYCOMYCES_BLAKESLEEANUS	4837	PHYBL
phyin_4247	PHYTOPHTHORA_INFESTANS	403677	PHYIT
phypa_3479	PHYSCOMITRELLA_PATENS_SP._PATENS	XXXX	PHYPA
phyra_2945	PHYTOPHTHORA_RAMORUM	xxxx	PHYRA
physo_2946	PHYTOPHTHORA_SOJAE	xxxx	PHYSO
picgu_3037	PICHIA_GUILLIERMONDII	xxxx	PICGU
picpa_4220	PICHIA_PASTORIS_GS115	XXXX	PICPA
picst_2947	PICHIA_STIPITIS	322104	PICST
picto_5358	PICROPHILUS_TORRIDUS_DSM_9790	XXXX	PICTO
pieho_5778	PIEDRAIA_HORTAE	XXXX	PIEHO
sussc_371	SUS_SCROFA	9823	PIGXX
plabe_3356	PLASMODIUM_BERGHEI	xxxx	PLABE
plach_4067	PLASMODIUM_CHABAUDI	xxxx	PLACH
plaga_4069	PLASMODIUM_GALLINACEUM	xxxx	PLAGA
plakn_4066	PLASMODIUM_KNOWLESI	xxxx	PLAKN
plare_4070	PLASMODIUM_REICHENOWI	XXXX	PLARE
plavi_3358	PLASMODIUM_VIVAX	xxxx	PLAVI
playo_3359	PLASMODIUM_YOELII	xxxx	PLAYO
pleos_4176	PLEUROTUS_OSTREATUS_PC15	xxxx	PLEOS
plesi_5779	PLEOMASSARIA_SIPARIA	XXXX	PLESI
podan_3131	PODOSPORA_ANSERINA	xxxx	PODAN
polci_5780	POLYCHAETON_CITRI_	XXXX	POLCI
polpa_4615	POLYSPHONDYLIUM_PALLIDUM	xxxx	POLPA
ponpy_1789	PONGO_PYGMAEUS	9601	PONAB
poptr_3074	POPULUS_TRICHOCARPA	3694	POPTR
pospl_2771	POSTIA_PLACENTA	XXXX	POSPM
pripa_1793	PRISTIONCHUS_PACIFICUS	54126	PRIPA
proca_4057	PROCAVIA_CAPENSIS	9813	PROCA
proma_4702	PROCHLOROCOCCUS_MARINUS_AS9601	XXXX	PROMA
prupe_3619	PRUNUS_PERSICA	xxxx	PRUPE
psepu_5677	PSEUDOMONAS_PUTIDA_F1	XXXX	PSEP1
pteva_4058	PTEROPUS_VAMPYRUS	132908	PTEVA
pucgr_1921	PUCCINIA_GRAMINIS_F._SP._TRITICI	5297	PUCGT
pyrho_5333	PYROCOCCUS_HORIKOSHII	XXXX	PYRHO
pyrne_5578	PYROBACULUM_NEUTROPHILUM	XXXX	PYRNV
pyrte_5781	PYRENOPHORA_TERES_F._TERES	XXXX	PYRTE
pyrtr_5809	PYRENOPHORA_TRITICI-REPENTIS_PT-1C-BFP	XXXX	PYRTR
orycu_9	ORYCTOLAGUS_CUNICULUS	9986	RABIT
ratno_367	RATTUS_NORVEGICUS	10116	RATNO
rhior_1924	RHIZOPUS_ORYZAE	64495	RHIOR
rhyru_5782	RHYTIDHYSTERON_RUFULUM	XXXX	RHYRU
ricco_3916	RICINUS_COMMUNIS	xxxx	RICCO
rutma_5665	CANDIDATUS_RUTHIA_MAGNIFICA_STR._CM	XXXX	RUTMC
sacba_3137	SACCHAROMYCES_BAYANUS_623-6C	XXXX	SACBA
sacca_3138	SACCHAROMYCES_CASTELLI	XXXX	SACCA
sackl_3139	SACCHAROMYCES_KLUYVERI	xxxx	SACKL
sacku_3140	SACCHAROMYCES_KUDRIAVZEVII	xxxx	SACKU
sacmi_3141	SACCHAROMYCES_MIKATAE	xxxx	SACMI
sacpa_3142	SACCHAROMYCES_PARADOXUS	xxxx	SACPA
sappa_4614	SAPROLEGNIA_PARASITICA	xxxx	SAPPA
sarha_5377	SARCOPHILUS_HARRISII	9305	SARHA
schco_1926	SCHIZOPHYLLUM_COMMUNE	5334	SCHCO
schja_3143	SCHIZOSACCHAROMYCES_JAPONICUS	xxxx	SCHJA
schma_370	SCHISTOSOMA_MANSONI	6183	SCHMA
schoc_4236	SCHIZOSACCHAROMYCE_OCTOSPORUS	XXXX	SCHOC
schpo_2340	SCHIZOSACCHAROMYCES_POMBE	284812	SCHPO
schsp_4237	SCHIZOSACCHAROMYCES_SP._OY26	xxxx	SCHSP
sclsc_4185	SCLEROTINIA_SCLEROTIORUM	665079	SCLS1
selmo_3075	SELAGINELLA_MOELLENDORFFII	xxxx	SELML
sepmu_5783	SEPTORIA_MUSIVA_SO2202	XXXX	SEPMU
seppo_5784	SEPTORIA_POPULICOLA	XXXX	SEPPO
serla_4812	SERPULA_LACRYMANS_S7_3	xxxx	SERLA
setit_3944	SETARIA_ITALICA	xxxx	SETIT
settu_5785	SETOSPHAERIA_TURCICA_ET28A_	XXXX	SETTU
solly_3622	SOLANUM_LYCOPERSICUM	4081	SOLLC
soran_3200	SOREX_ARANEUS	42254	SORAR
sorbi_2164	SORGHUM_BICOLOR	4558	SORBI
sorce_5645	SORANGIUM_CELLULOSUM_SO_CE_56	XXXX	SORC5
glyma_3600	GLYCINE_MAX	3847	SOYBN
spetr_2594	SPERMOPHILUS_TRIDECEMLINEATUS	43179	SPETR
spipu_1928	SPIZELLOMYCES_PUNCTATUS	109760	SPIPN
spofi_5786	SPORORMIA_FIMETARIA_	XXXX	SPOFI
sporo_2948	SPOROBOLOMYCES_ROSEUS	xxxx	SPORO
strpu_2714	STRONGYLOCENTROTUS_PURPURATUS	7668	STRPU
sulmu_5675	CANDIDATUS_SULCIA_MUELLERI_DMIN	XXXX	SULMD
sulso_5336	SULFOLOBUS_SOLFATARICUS_P2	XXXX	SULSO
sulsp_5649	SULFUROVUM_SP._NBC37-1	XXXX	SULNB
synac_5646	SYNTROPHUS_ACIDITROPHICUS_SB	XXXX	SYNAS
synel_4703	SYNECHOCOCCUS_ELONGATUS_PCC_6301	XXXX	SYNP6
synja_4694	SYNECHOCOCCUS_SP._JA-3-3AB	XXXX	SYNJA
synel_4704	SYNECHOCOCCUS_ELONGATUS_PCC_7942	XXXX	SYNP7
synja_4695	SYNECHOCOCCUS_SP_JA-2-3BA_2-13	XXXX	SYNJB
taegu_310	TAENIOPYGIA_GUTTATA	59729	TAEGU
fugru_372	TAKIFUGU_RUBRIPES	31033	TAKRU
talst_4225	TALAROMYCES_STIPITATUS	XXXX	TALST
tarsy_4059	TARSIUS_SYRICHTA	9478	TARSY
tetni_2348	TETRAODON_NIGROVIRIDIS	99883	TETNG
tetth_3361	TETRAHYMENA_THERMOPHILA	xxxx	TETTH
thaps_3326	THALASSIOSIRA_PSEUDONANA	xxxx	THAPS
theac_5337	THERMOPLASMA_ACIDOPHILUM_DSM_1728	XXXX	THEAC
thean_3327	THEILERIA_ANNULATA	xxxx	THEAN
theel_4705	THERMOSYNECHOCOCCUS_ELONGATUS	XXXX	THEEB
theha_3971	THELLUNGIELLA_HALOPHILA	xxxx	THEHA
theko_5360	THERMOCOCCUS_KODAKARENSIS_KOD1	XXXX	THEKO
thepa_3328	THEILERIA_PARVA	xxxx	THEPA
thepe_5619	THERMOFILUM_PENDENS_HRK_5	XXXX	THEPD
thest_5803	THERMOMYCES_STELLATUS_CBS_241.64	XXXX	THEST
thetr_4772	THECAMONAS_TRAHENS	xxxx	THETR
thine_5651	THIOBACILLUS_DENITRIFICANS_ATCC_25259	XXXX	THIND
thite_4192	THIELAVIA_TERRESTRIS	xxxx	THIHE
toxgo_3362	TOXOPLASMA_GONDII	508771	TOXGO
treme_4194	TREMELLA_MESENTERICA	5217	TREME
triad_390	TRICHOPLAX_ADHAERENS	10228	TRIAD
triat_1934	TRICHODERMA_ATROVIRIDE	xxxx	TRIAT
trica_1449	TRIBOLIUM_CASTANEUM	7070	TRICA
trieq_4231	TRICHOPHYTON_EQUINUM_CBS127.97	xxxx	TRIEQ
trier_4706	TRICHODESMIUM_ERYTHRAEUM_IMS101	XXXX	TRIEI
trire_4144	TRICHODERMA_REESEI	xxxx	TRIRE
trive_4146	TRICHODERMA_VIRENS_GV29-8	XXXX	TRIVE
trybr_3330	TRYPANOSOMA_BRUCEI	999953	TRYB2
tryel_5806	TRYPETHELIUM_ELUTERIAE	XXXX	TRYEL
tubme_4616	TUBER_MELANOSPORUM	656061	TUBMM
tupbe_2607	TUPAIA_BELANGERI	37347	TUPBE
turtr_2608	TURSIOPS_TRUNCATUS	9739	TURTR
uncre_2939	UNCINOCARPUS_REESII	xxxx	UNCRE
ustma_1941	USTILAGO_MAYDIS	237631	USTMA
vanpo_3144	VANDERWALTOZYMA_POLYSPORA	xxxx	VANPO
veral_4233	VERTICILLIUM_ALBO-ATRUM_VAMS.102	xxxx	VERAL
verda_1942	VERTICILLIUM_DAHLIAE_VDLS.17	27337	VERDA
vitvi_2178	VITIS_VINIFERA	29760	VITVI
volca_3480	VOLVOX_CARTERI_F._NAGARIENSIS	xxxx	VOLCA
wucba_2611	WUCHERERIA_BANCROFTI	xxxx	WUCBA
xanpa_5752	XANTHORIA_PARIETINA_	XXXX	XANPA
xentr_374	XENOPUS_TROPICALIS	8364	XENTR
yarli_2335	YARROWIA_LIPOLYTICA	284591	YARLI
sacce_2336	SACCHAROMYCES_CEREVISIAE	559292	YEAST
zasce_5787	ZASMIDIUM_CELLARE_ATCC_36951	XXXX	ZASCE
zoprh_5788	ZOPFIA_RHIZOPHILA	XXXX	ZOPRH
zygro_4218	ZYGOSACCHAROMYCES_ROUXII	xxxx	ZYGRO
zymmo_5641	ZYMOMONAS_MOBILIS_SUBSP._MOBILIS_ZM4	XXXX	ZYMMO
